sample,type,files_valid,files_found,nEvents_total,sumGenW_Events,sumGenW_Runs,sumGenW2_Runs,genEventCount_Runs,skim_attrition_rel,n_id_LF,n_id_cc,n_id_b51,n_id_b52,n_id_2b53,n_id_2b54,n_id_2b55,n_id_bbb61,n_id_bbb62,n_id_4b71,n_id_4b72,n_id_lt0,n_id_other,xsec_used,eff_yield
DYJetsToLL_M50_HT100to200,MC,22,22,18648544,18648544.0,18648544.0,18648544.0,18648544,0.0,14929443,2388862,1001682,65218,259518,3745,76,0,0,0,0,0,0,1.0,18648544.0
DYJetsToLL_M50_HT1200to2500,MC,14,14,4725936,4725936.0,4725936.0,4725936.0,4725936,0.0,2983615,1162517,184198,197354,179601,15315,3336,0,0,0,0,0,0,1.0,4725936.0
DYJetsToLL_M50_HT200to400,MC,37,37,12451701,12451701.0,12451701.0,12451701.0,12451701,0.0,9311354,2038743,677463,110380,305653,7740,368,0,0,0,0,0,0,1.0,12451701.0
DYJetsToLL_M50_HT2500toInf,MC,12,12,1480047,1480047.0,1480047.0,1480047.0,1480047,0.0,898813,391707,45055,84117,52209,6127,2019,0,0,0,0,0,0,1.0,1480047.0
DYJetsToLL_M50_HT400to600,MC,17,17,5384252,5384252.0,5384252.0,5384252.0,5384252,0.0,3776054,1055408,274550,94955,175254,7412,619,0,0,0,0,0,0,1.0,5384252.0
DYJetsToLL_M50_HT600to800,MC,14,14,5118706,5118706.0,5118706.0,5118706.0,5118706,0.0,3457582,1095885,245242,125970,182829,10101,1097,0,0,0,0,0,0,1.0,5118706.0
DYJetsToLL_M50_HT70to100,MC,18,18,12205958,12205958.0,12205958.0,12205958.0,12205958,0.0,10216646,1277247,601077,22475,87644,852,17,0,0,0,0,0,0,1.0,12205958.0
DYJetsToLL_M50_HT800to1200,MC,16,16,4347168,4347168.0,4347168.0,4347168.0,4347168,0.0,2847015,994676,192733,137483,162698,10872,1691,0,0,0,0,0,0,1.0,4347168.0
QCD_HT1000to1500,MC,43,43,14164109,14164109.0,14164109.0,14164109.0,14164109,0.0,8778352,3563372,556071,659653,543674,49898,13089,0,0,0,0,0,0,1.0,14164109.0
QCD_HT1500to2000,MC,46,46,12402197,12402197.0,12402197.0,12402197.0,12402197,0.0,7422232,3288829,449160,689620,482472,53168,16716,0,0,0,0,0,0,1.0,12402197.0
QCD_HT2000toInf,MC,31,31,5614050,5614050.0,5614050.0,5614050.0,5614050,0.0,3292434,1534263,183868,352878,213941,26797,9869,0,0,0,0,0,0,1.0,5614050.0
QCD_HT200to300,MC,77,77,60056309,60056309.0,60056309.0,60056309.0,60056309,0.0,45974991,9547064,2608223,694480,1194635,33862,3054,0,0,0,0,0,0,1.0,60056309.0
QCD_HT300to500,MC,66,66,54770756,54770756.0,54770756.0,54770756.0,54770756,0.0,39483934,10270118,2424670,1041737,1481035,61581,7681,0,0,0,0,0,0,1.0,54770756.0
QCD_HT500to700,MC,74,74,60395873,60395873.0,60395873.0,60395873.0,60395873,0.0,40797642,13067738,2616082,1764616,2010136,118832,20827,0,0,0,0,0,0,1.0,60395873.0
QCD_HT700to1000,MC,85,85,47501834,47501834.0,47501834.0,47501834.0,47501834,0.0,30695729,11153101,1982880,1781693,1731352,129155,27924,0,0,0,0,0,0,1.0,47501834.0
ST_s_had,MC,34,34,11696999,83147973.5094328,83147970.29072505,1394486554.3320823,11696999,0.000000038710599056750436,3601786,178081,7801259,20653,79211,15935,74,0,0,0,0,0,0,1.0,83147970.29072505
ST_s_lep,MC,16,16,13620000,48361410.42054272,48361411.361051396,405194691.2380259,13620000,-0.000000019447502711075583,4279676,172287,9051285,23306,78173,15196,77,0,0,0,0,0,0,1.0,48361411.361051396
ST_tW_antitop,MC,48,48,5674000,184446306.89353943,184446313.29999998,5996482249.594,5674000,-0.00000003473347034585413,3814336,245938,1561680,14100,31171,6725,50,0,0,0,0,0,0,1.0,184446313.29999998
ST_tW_top,MC,43,43,5649000,183284892.38497925,183284888.00640005,5947384630.508161,5649000,0.00000002388947199597396,3805812,244950,1546335,13811,31508,6527,57,0,0,0,0,0,0,1.0,183284888.00640005
ST_t_antitop,MC,60,60,69793000,4462868882.059891,4462869081.826047,322028393212.4141,69793000,-0.000000044761823063574396,41590245,5385579,22441458,90486,228299,56582,351,0,0,0,0,0,0,1.0,4462869081.826047
ST_t_top,MC,197,197,129903000,13808000645.662537,13808000809.116001,1671467810157.566,129903000,-0.000000011837590884275235,78954614,6899663,43278247,176624,474379,118702,771,0,0,0,0,0,0,1.0,13808000809.116001
TT4b,MC,14,14,9502000,9502000.0,9502000.0,9502000.0,9502000,0.0,902285,82391,2461302,690983,3944597,1311174,109268,0,0,0,0,0,0,1.0,9502000.0
TTHHto4b,MC,32,32,9934000,9934000.0,9934000.0,9934000.0,9934000,0.0,16911,1634,241267,44799,8532151,1066737,30501,0,0,0,0,0,0,1.0,9934000.0
TTTT,MC,30,30,10351000,84047.03376162797,84047.03675157604,3568.546215947363,10351000,-0.000000035574699453020774,618544,113708,3872342,187588,5420070,135482,3266,0,0,0,0,0,0,1.0,84047.03675157604
TTTW,MC,5,5,360000,360000.0,360000.0,360000.0,360000,0.0,60841,7396,217180,2395,69847,2316,25,0,0,0,0,0,0,1.0,360000.0
TTWH,MC,11,11,360000,360000.0,360000.0,360000.0,360000,0.0,126262,27764,70922,3067,130248,1699,38,0,0,0,0,0,0,1.0,360000.0
TTWJetsToLNu,MC,9,9,7140411,2392831.718531847,2392831.795265399,2728279.554098501,7140411,-0.000000032068092739025754,6196069,787502,94932,31148,29635,1032,93,0,0,0,0,0,0,1.0,2392831.795265399
TTWJetsToQQ,MC,10,10,655018,444333.974766016,444333.9716704,1003387.8965571895,655018,0.000000006966867720674838,560678,78632,9478,3225,2878,116,11,0,0,0,0,0,0,1.0,444333.9716704
TTWW,MC,9,9,698000,698000.0,698000.0,698000.0,698000,0.0,606317,72074,11743,4137,3551,155,23,0,0,0,0,0,0,1.0,698000.0
TTWZ,MC,2,2,350000,350000.0,350000.0,350000.0,350000,0.0,231494,62924,23284,2913,28977,383,25,0,0,0,0,0,0,1.0,350000.0
TTZHTo4b,MC,13,13,9998000,9998000.0,9998000.0,9998000.0,9998000,0.0,23619,1990,307044,56895,8380236,1191828,36388,0,0,0,0,0,0,1.0,9998000.0
TTZToBB,MC,26,26,7074000,794582.7077516913,794582.7253137,351656.85179154883,7074000,-0.00000002210217783018561,377572,37296,2451815,145125,4004088,55830,2274,0,0,0,0,0,0,1.0,794582.7253137
TTZToLLNuNu,MC,19,19,14036000,3424974.344398856,3424974.349942921,3446812.46168178,14036000,-0.0000000016187172415602809,12376883,1281898,239445,65343,69768,2438,225,0,0,0,0,0,0,1.0,3424974.349942921
TTZZTo4b,MC,40,40,9832000,9832000.0,9832000.0,9832000.0,9832000,0.0,46785,3583,466691,77399,8040220,1156177,41145,0,0,0,0,0,0,1.0,9832000.0
TTbar_DiLep,MC,99,99,106724000,7695841652.167358,7695841311.017001,564040910230.1125,106724000,0.00000004432918292611157,97661457,6877886,1417426,384588,369834,11464,1345,0,0,0,0,0,0,1.0,7695841311.017001
TTbar_Hadronic,MC,199,199,232999999,73140766669.42169,73140765879.47005,23335119793197.246,232999999,0.000000010800428945456166,206860997,20445685,3634101,1058032,964490,32795,3899,0,0,0,0,0,0,1.0,73140765879.47005
TTbar_SemiLep,MC,297,297,346052000,104129959629.04999,104129959042.42809,31845807708704.688,346052000,0.0000000056335554902772926,311921759,26367647,4997343,1407735,1309986,42566,4964,0,0,0,0,0,0,1.0,104129959042.42809
TTbb_DiLep,MC,7,7,3472503,15930890.41240549,15930889.901690006,93982090.87864617,3472503,0.000000032058189327198986,1661972,107774,1043690,336067,306805,14311,1884,0,0,0,0,0,0,1.0,15930889.901690006
TTbb_Hadronic,MC,9,9,5694656,113736165.6780777,113736166.15320005,2920635425.649364,5694656,-0.000000004177407798625102,2545506,237091,1774721,551435,553427,28837,3639,0,0,0,0,0,0,1.0,113736166.15320005
TTbb_SemiLep,MC,12,12,7318891,153797755.7116127,153797754.09350008,4550384136.754365,7318891,0.000000010521041956879557,3381121,267336,2245047,709437,678015,33613,4322,0,0,0,0,0,0,1.0,153797754.09350008
WJetsToLNu_HT100To200,MC,773,773,97127353,97127353.0,97127353.0,97127353.0,97127353,0.0,76460597,18290410,1657800,326986,386898,4401,261,0,0,0,0,0,0,1.0,97127353.0
WJetsToLNu_HT1200To2500,MC,338,338,19195040,19195040.0,19195040.0,19195040.0,19195040,0.0,11823883,5378657,557818,809491,563982,47410,13799,0,0,0,0,0,0,1.0,19195040.0
WJetsToLNu_HT200To400,MC,427,427,86662720,86662720.0,86662720.0,86662720.0,86662720,0.0,63470949,19345212,2147825,774537,901346,20722,2129,0,0,0,0,0,0,1.0,86662720.0
WJetsToLNu_HT2500ToInf,MC,298,298,18537836,18537836.0,18537836.0,18537836.0,18537836,0.0,10968749,5371062,474578,1055486,576314,65635,26012,0,0,0,0,0,0,1.0,18537836.0
WJetsToLNu_HT400To600,MC,252,252,14110773,14110773.0,14110773.0,14110773.0,14110773,0.0,9666802,3512526,410425,252807,256799,9887,1527,0,0,0,0,0,0,1.0,14110773.0
WJetsToLNu_HT600To800,MC,223,223,21386116,21386116.0,21386116.0,21386116.0,21386116,0.0,14099360,5590637,644875,535281,485910,25355,4698,0,0,0,0,0,0,1.0,21386116.0
WJetsToLNu_HT70To100,MC,406,406,91895915,91895915.0,91895915.0,91895915.0,91895915,0.0,75892814,14693046,1017130,141359,150493,1030,43,0,0,0,0,0,0,1.0,91895915.0
WJetsToLNu_HT800To1200,MC,233,233,18260678,18260678.0,18260678.0,18260678.0,18260678,0.0,11667433,4939925,551790,586445,476842,31070,7173,0,0,0,0,0,0,1.0,18260678.0
WJetsToQQ_HT400to600,MC,72,72,9927793,9927793.0,9927793.0,9927793.0,9927793,0.0,7148377,2279989,253415,118411,123268,3822,511,0,0,0,0,0,0,1.0,9927793.0
WJetsToQQ_HT600to800,MC,33,33,14510253,14510253.0,14510253.0,14510253.0,14510253,0.0,10076990,3513020,398911,263938,245150,10512,1732,0,0,0,0,0,0,1.0,14510253.0
WJetsToQQ_HT800toInf,MC,46,46,14722417,14722417.0,14722417.0,14722417.0,14722417,0.0,9888200,3702779,412840,386136,310312,18213,3937,0,0,0,0,0,0,1.0,14722417.0
WW,MC,16,16,15634000,15634116.199513435,15634116.199513808,15634267.303822642,15634000,-0.000000000000023827955804612504,14737918,698160,155048,19641,22840,360,33,0,0,0,0,0,0,1.0,15634116.199513808
WZ,MC,20,20,7889000,7889000.0,7889000.0,7889000.0,7889000,0.0,5797470,1096442,508499,13293,470557,2675,64,0,0,0,0,0,0,1.0,7889000.0
ZJetsToQQ_HT400to600,MC,54,54,14884962,14884962.0,14884962.0,14884962.0,14884962,0.0,7215789,3732072,1751630,153490,1972836,57752,1393,0,0,0,0,0,0,1.0,14884962.0
ZJetsToQQ_HT600to800,MC,35,35,11702567,11702567.0,11702567.0,11702567.0,11702567,0.0,5329133,3126112,1235537,196111,1743998,69170,2506,0,0,0,0,0,0,1.0,11702567.0
ZJetsToQQ_HT800toInf,MC,39,39,9400574,9400574.0,9400574.0,9400574.0,9400574,0.0,4033037,2646186,858451,372494,1397076,85148,8182,0,0,0,0,0,0,1.0,9400574.0
ZZ,MC,2,2,2706000,2706000.0,2706000.0,2706000.0,2706000,0.0,1576074,500917,296097,5527,322106,5160,119,0,0,0,0,0,0,1.0,2706000.0
tHW,MC,36,36,14325000,14325000.0,14325000.0,14325000.0,14325000,0.0,3491771,759925,3333450,248694,6208082,276647,6431,0,0,0,0,0,0,1.0,14325000.0
tHq,MC,21,21,7158996,7158996.0,7158996.0,7158996.0,7158996,0.0,1514993,317813,2062827,41408,3111605,108976,1374,0,0,0,0,0,0,1.0,7158996.0
ttHToNonbb,MC,35,35,5070989,2540302.866218865,2540302.9431779995,1327263.451972013,5070989,-0.000000030295258583962,3897626,920989,137377,43800,67316,3519,362,0,0,0,0,0,0,1.0,2540302.9431779995
ttHTobb,MC,46,46,7825000,3919780.8296052217,3919780.948356,2048088.9451112992,7825000,-0.00000003029525873803847,296416,31929,2573279,43725,4806866,71377,1408,0,0,0,0,0,0,1.0,3919780.948356
